date,value
02/01/2014,524.6
03/01/2014,529.6
04/01/2014,529.2
05/01/2014,529.0
06/01/2014,528.8
07/01/2014,531.1
08/01/2014,531.7
09/01/2014,532.1
10/01/2014,534.0
11/01/2014,532.6
12/01/2014,531.9
13/01/2014,531.2
14/01/2014,527.5
15/01/2014,527.8
16/01/2014,529.5
17/01/2014,531.7
18/01/2014,534.3
19/01/2014,535.7
20/01/2014,537.0
21/01/2014,541.6
22/01/2014,543.9
23/01/2014,544.2
24/01/2014,546.4
25/01/2014,548.5
26/01/2014,549.5
27/01/2014,550.5
28/01/2014,548.3
29/01/2014,547.1
30/01/2014,548.8
31/01/2014,547.2
01/02/2014,550.5
02/02/2014,552.2
03/02/2014,553.8
04/02/2014,556.5
05/02/2014,557.6
06/02/2014,559.2
07/02/2014,556.1
08/02/2014,554.7
09/02/2014,553.9
10/02/2014,553.2
11/02/2014,555.4
12/02/2014,554.6
13/02/2014,552.9
14/02/2014,549.4
15/02/2014,548.2
16/02/2014,547.6
17/02/2014,546.9
18/02/2014,547.0
19/02/2014,548.1
20/02/2014,552.4
21/02/2014,555.4
22/02/2014,555.4
23/02/2014,555.5
24/02/2014,555.5
25/02/2014,555.1
26/02/2014,556.7
27/02/2014,559.0
28/02/2014,563.3
01/03/2014,561.4
02/03/2014,560.4
03/03/2014,559.4
04/03/2014,561.5
05/03/2014,558.3
06/03/2014,562.7
07/03/2014,559.5
08/03/2014,560.5
09/03/2014,561.0
10/03/2014,561.6
11/03/2014,569.6
12/03/2014,570.7
13/03/2014,573.2
14/03/2014,570.8
15/03/2014,571.4
16/03/2014,571.7
17/03/2014,572.0
18/03/2014,570.4
19/03/2014,570.9
20/03/2014,569.7
21/03/2014,568.5
22/03/2014,565.2
23/03/2014,563.6
24/03/2014,561.9
25/03/2014,562.7
26/03/2014,559.6
27/03/2014,555.8
28/03/2014,551.4
29/03/2014,551.0
30/03/2014,550.8
31/03/2014,550.5
01/04/2014,551.2
02/04/2014,550.6
03/04/2014,553.6
04/04/2014,556.0
05/04/2014,555.5
06/04/2014,555.3
07/04/2014,555.1
08/04/2014,553.6
09/04/2014,546.7
10/04/2014,548.1
11/04/2014,545.0
12/04/2014,546.6
13/04/2014,547.5
14/04/2014,548.3
15/04/2014,549.0
16/04/2014,554.2
17/04/2014,555.8
18/04/2014,556.7
19/04/2014,557.2
20/04/2014,557.4
21/04/2014,557.6
22/04/2014,557.0
23/04/2014,561.7
24/04/2014,563.8
25/04/2014,559.7
26/04/2014,560.0
27/04/2014,560.2
28/04/2014,560.4
29/04/2014,559.5
30/04/2014,560.6
01/05/2014,562.6
02/05/2014,564.6
03/05/2014,564.0
04/05/2014,563.7
05/05/2014,563.4
06/05/2014,565.1
07/05/2014,566.9
08/05/2014,566.1
09/05/2014,555.7
10/05/2014,555.8
11/05/2014,555.8
12/05/2014,555.8
13/05/2014,551.4
14/05/2014,549.1
15/05/2014,550.2
16/05/2014,553.6
17/05/2014,552.0
18/05/2014,551.3
19/05/2014,550.5
20/05/2014,548.6
21/05/2014,550.0
22/05/2014,551.5
23/05/2014,550.7
24/05/2014,552.3
25/05/2014,553.1
26/05/2014,554.0
27/05/2014,554.0
28/05/2014,556.0
29/05/2014,553.0
30/05/2014,548.0
31/05/2014,549.4
01/06/2014,550.1
02/06/2014,550.7
03/06/2014,550.2
04/06/2014,550.7
05/06/2014,552.6
06/06/2014,551.6
07/06/2014,550.6
08/06/2014,550.1
09/06/2014,549.6
10/06/2014,549.9
11/06/2014,553.1
12/06/2014,554.4
13/06/2014,553.4
14/06/2014,554.1
15/06/2014,554.5
16/06/2014,554.8
17/06/2014,556.8
18/06/2014,559.0
19/06/2014,559.1
20/06/2014,556.7
21/06/2014,556.9
22/06/2014,557.0
23/06/2014,557.1
24/06/2014,553.1
25/06/2014,550.6
26/06/2014,550.1
27/06/2014,550.0
28/06/2014,550.3
29/06/2014,550.5
30/06/2014,550.6
01/07/2014,552.7
02/07/2014,552.1
03/07/2014,552.2
04/07/2014,550.8
05/07/2014,549.8
06/07/2014,549.3
07/07/2014,548.7
08/07/2014,550.5
09/07/2014,552.4
10/07/2014,553.5
11/07/2014,553.3
12/07/2014,553.7
13/07/2014,553.9
14/07/2014,554.1
15/07/2014,553.9
16/07/2014,555.2
17/07/2014,556.4
18/07/2014,562.9
19/07/2014,564.9
20/07/2014,565.9
21/07/2014,566.9
22/07/2014,565.9
23/07/2014,563.7
24/07/2014,563.9
25/07/2014,563.3
26/07/2014,563.4
27/07/2014,563.4
28/07/2014,563.5
29/07/2014,563.6
30/07/2014,565.9
31/07/2014,570.5
01/08/2014,573.1
02/08/2014,572.9
03/08/2014,572.7
04/08/2014,572.6
05/08/2014,571.8
06/08/2014,576.7
07/08/2014,577.4
08/08/2014,576.2
09/08/2014,576.2
10/08/2014,576.2
11/08/2014,576.1
12/08/2014,574.3
13/08/2014,576.2
14/08/2014,576.5
15/08/2014,576.5
16/08/2014,576.5
17/08/2014,576.5
18/08/2014,576.5
19/08/2014,576.2
20/08/2014,578.5
21/08/2014,583.1
22/08/2014,582.8
23/08/2014,583.0
24/08/2014,583.1
25/08/2014,583.2
26/08/2014,583.1
27/08/2014,584.9
28/08/2014,588.7
29/08/2014,593.3
30/08/2014,592.1
31/08/2014,591.5
01/09/2014,590.9
02/09/2014,589.0
03/09/2014,591.6
04/09/2014,588.5
05/09/2014,591.4
06/09/2014,588.9
07/09/2014,587.7
08/09/2014,586.4
09/09/2014,585.3
10/09/2014,592.3
11/09/2014,590.8
12/09/2014,590.1
13/09/2014,590.4
14/09/2014,590.5
15/09/2014,590.6
16/09/2014,594.7
17/09/2014,593.8
18/09/2014,593.9
19/09/2014,594.0
20/09/2014,594.0
21/09/2014,594.1
22/09/2014,594.1
23/09/2014,600.4
24/09/2014,600.3
25/09/2014,598.9
26/09/2014,598.9
27/09/2014,599.3
28/09/2014,599.5
29/09/2014,599.7
30/09/2014,601.7
01/10/2014,599.2
02/10/2014,597.3
03/10/2014,596.1
04/10/2014,597.4
05/10/2014,598.0
06/10/2014,598.6
07/10/2014,597.7
08/10/2014,597.0
09/10/2014,594.7
10/10/2014,592.1
11/10/2014,593.2
12/10/2014,593.8
13/10/2014,594.3
14/10/2014,590.0
15/10/2014,588.4
16/10/2014,588.2
17/10/2014,591.2
18/10/2014,589.4
19/10/2014,588.5
20/10/2014,587.6
21/10/2014,587.1
22/10/2014,583.9
23/10/2014,584.1
24/10/2014,584.4
25/10/2014,584.3
26/10/2014,584.3
27/10/2014,584.2
28/10/2014,585.1
29/10/2014,581.6
30/10/2014,576.7
31/10/2014,576.6
01/11/2014,576.5
02/11/2014,576.5
03/11/2014,576.5
04/11/2014,580.6
05/11/2014,586.0
06/11/2014,588.5
07/11/2014,590.4
08/11/2014,590.1
09/11/2014,589.9
10/11/2014,589.7
11/11/2014,586.3
12/11/2014,590.6
13/11/2014,592.5
14/11/2014,594.1
15/11/2014,595.0
16/11/2014,595.4
17/11/2014,595.8
18/11/2014,595.2
19/11/2014,596.2
20/11/2014,599.5
21/11/2014,600.4
22/11/2014,597.8
23/11/2014,596.6
24/11/2014,595.3
25/11/2014,594.4
26/11/2014,597.9
27/11/2014,600.3
28/11/2014,598.9
29/11/2014,602.2
30/11/2014,603.8
01/12/2014,605.5
02/12/2014,610.8
03/12/2014,614.8
04/12/2014,612.4
05/12/2014,611.7
06/12/2014,611.5
07/12/2014,611.5
08/12/2014,611.4
09/12/2014,611.4
10/12/2014,613.8
11/12/2014,615.5
12/12/2014,615.9
13/12/2014,616.7
14/12/2014,617.1
15/12/2014,617.5
16/12/2014,618.5
17/12/2014,621.4
18/12/2014,619.2
19/12/2014,614.2
20/12/2014,613.4
21/12/2014,613.0
22/12/2014,612.6
23/12/2014,610.3
24/12/2014,608.5
25/12/2014,608.8
26/12/2014,609.2
27/12/2014,608.7
28/12/2014,608.4
29/12/2014,608.2
30/12/2014,607.4
31/12/2014,607.1
01/01/2015,606.9
02/01/2015,606.8
03/01/2015,609.6
04/01/2015,611.0
05/01/2015,612.5
06/01/2015,616.8
07/01/2015,616.1
08/01/2015,614.8
09/01/2015,613.1
10/01/2015,613.6
11/01/2015,613.8
12/01/2015,614.0
13/01/2015,616.5
14/01/2015,617.5
15/01/2015,625.4
16/01/2015,623.7
17/01/2015,625.3
18/01/2015,626.2
19/01/2015,627.0
20/01/2015,629.1
21/01/2015,627.2
22/01/2015,628.4
23/01/2015,626.0
24/01/2015,626.2
25/01/2015,626.3
26/01/2015,626.4
27/01/2015,625.7
28/01/2015,623.4
29/01/2015,622.4
30/01/2015,626.5
31/01/2015,629.3
01/02/2015,630.6
02/02/2015,632.0
03/02/2015,632.2
04/02/2015,627.0
05/02/2015,627.1
06/02/2015,624.8
07/02/2015,624.0
08/02/2015,623.6
09/02/2015,623.2
10/02/2015,626.0
11/02/2015,626.4
12/02/2015,628.2
13/02/2015,626.9
14/02/2015,623.6
15/02/2015,621.9
16/02/2015,620.2
17/02/2015,619.7
18/02/2015,619.7
19/02/2015,620.4
20/02/2015,620.3
21/02/2015,618.6
22/02/2015,617.7
23/02/2015,616.9
24/02/2015,621.2
25/02/2015,622.9
26/02/2015,619.5
27/02/2015,617.7
28/02/2015,618.2
01/03/2015,618.5
02/03/2015,618.8
03/03/2015,617.4
04/03/2015,617.6
05/03/2015,619.8
06/03/2015,619.6
07/03/2015,622.1
08/03/2015,623.4
09/03/2015,624.7
10/03/2015,628.5
11/03/2015,633.0
12/03/2015,637.6
13/03/2015,633.5
14/03/2015,636.3
15/03/2015,637.7
16/03/2015,639.0
17/03/2015,639.4
18/03/2015,640.8
19/03/2015,642.2
20/03/2015,638.8
21/03/2015,637.2
22/03/2015,636.4
23/03/2015,635.6
24/03/2015,627.0
25/03/2015,623.7
26/03/2015,619.8
27/03/2015,620.7
28/03/2015,621.7
29/03/2015,622.3
30/03/2015,622.8
31/03/2015,626.9
01/04/2015,626.6
02/04/2015,618.2
03/04/2015,616.5
04/04/2015,615.6
05/04/2015,615.2
06/04/2015,614.8
07/04/2015,610.7
08/04/2015,611.0
09/04/2015,611.1
10/04/2015,613.9
11/04/2015,616.7
12/04/2015,618.0
13/04/2015,619.4
14/04/2015,621.1
15/04/2015,614.1
16/04/2015,616.7
17/04/2015,612.3
18/04/2015,612.5
19/04/2015,612.6
20/04/2015,612.7
21/04/2015,615.4
22/04/2015,616.4
23/04/2015,618.0
24/04/2015,618.1
25/04/2015,616.3
26/04/2015,615.3
27/04/2015,614.4
28/04/2015,611.1
29/04/2015,606.4
30/04/2015,606.8
01/05/2015,609.1
02/05/2015,610.2
03/05/2015,610.7
04/05/2015,611.3
05/05/2015,614.5
06/05/2015,611.9
07/05/2015,608.8
08/05/2015,610.6
09/05/2015,608.2
10/05/2015,607.0
11/05/2015,605.8
12/05/2015,606.9
13/05/2015,607.3
14/05/2015,600.5
15/05/2015,598.4
16/05/2015,597.8
17/05/2015,597.4
18/05/2015,597.1
19/05/2015,599.1
20/05/2015,603.1
21/05/2015,604.3
22/05/2015,605.4
23/05/2015,606.5
24/05/2015,607.1
25/05/2015,607.6
26/05/2015,609.9
27/05/2015,612.6
28/05/2015,616.1
29/05/2015,617.5
30/05/2015,617.1
31/05/2015,616.9
01/06/2015,616.7
02/06/2015,621.7
03/06/2015,622.2
04/06/2015,626.0
05/06/2015,628.1
06/06/2015,631.8
07/06/2015,633.7
08/06/2015,635.6
09/06/2015,633.7
10/06/2015,626.6
11/06/2015,624.5
12/06/2015,632.0
13/06/2015,631.5
14/06/2015,631.3
15/06/2015,631.1
16/06/2015,634.1
17/06/2015,633.7
18/06/2015,637.8
19/06/2015,629.6
20/06/2015,631.0
21/06/2015,631.6
22/06/2015,632.3
23/06/2015,630.6
24/06/2015,634.5
25/06/2015,632.8
26/06/2015,631.8
27/06/2015,633.2
28/06/2015,633.9
29/06/2015,634.2
30/06/2015,634.6
01/07/2015,639.0
02/07/2015,639.0
03/07/2015,637.0
04/07/2015,636.7
05/07/2015,636.5
06/07/2015,636.4
07/07/2015,641.5
08/07/2015,648.3
09/07/2015,652.4
10/07/2015,646.9
11/07/2015,646.5
12/07/2015,646.3
13/07/2015,646.2
14/07/2015,647.7
15/07/2015,643.6
16/07/2015,643.3
17/07/2015,643.1
18/07/2015,644.0
19/07/2015,644.4
20/07/2015,644.9
21/07/2015,649.3
22/07/2015,651.2
23/07/2015,654.2
24/07/2015,654.3
25/07/2015,657.5
26/07/2015,659.1
27/07/2015,660.7
28/07/2015,665.2
29/07/2015,664.5
30/07/2015,665.5
31/07/2015,672.2
01/08/2015,671.7
02/08/2015,671.4
03/08/2015,671.1
04/08/2015,678.4
05/08/2015,677.4
06/08/2015,682.6
07/08/2015,684.1
08/08/2015,681.2
09/08/2015,679.8
10/08/2015,678.4
11/08/2015,676.4
12/08/2015,680.3
13/08/2015,681.8
14/08/2015,684.9
15/08/2015,684.4
16/08/2015,684.1
17/08/2015,683.8
18/08/2015,689.4
19/08/2015,697.3
20/08/2015,694.9
21/08/2015,694.2
22/08/2015,694.1
23/08/2015,694.0
24/08/2015,693.9
25/08/2015,705.7
26/08/2015,699.9
27/08/2015,706.2
28/08/2015,699.7
29/08/2015,694.9
30/08/2015,692.5
31/08/2015,690.1
01/09/2015,695.3
02/09/2015,691.9
03/09/2015,688.2
04/09/2015,688.4
05/09/2015,689.8
06/09/2015,690.5
07/09/2015,691.2
08/09/2015,693.8
09/09/2015,688.3
10/09/2015,688.3
11/09/2015,691.0
12/09/2015,687.8
13/09/2015,686.2
14/09/2015,684.5
15/09/2015,688.7
16/09/2015,686.4
17/09/2015,680.2
18/09/2015,678.5
19/09/2015,677.6
20/09/2015,677.2
21/09/2015,676.7
22/09/2015,682.7
23/09/2015,696.5
24/09/2015,700.4
25/09/2015,705.9
26/09/2015,701.9
27/09/2015,699.9
28/09/2015,697.9
29/09/2015,705.3
30/09/2015,704.7
01/10/2015,698.7
02/10/2015,695.5
03/10/2015,695.4
04/10/2015,695.4
05/10/2015,695.3
06/10/2015,685.8
07/10/2015,681.3
08/10/2015,678.6
09/10/2015,681.7
10/10/2015,678.5
11/10/2015,677.0
12/10/2015,676.2
13/10/2015,675.4
14/10/2015,683.1
15/10/2015,681.1
16/10/2015,675.6
17/10/2015,674.8
18/10/2015,674.3
19/10/2015,673.9
20/10/2015,679.3
21/10/2015,684.2
22/10/2015,692.7
23/10/2015,691.6
24/10/2015,689.3
25/10/2015,688.1
26/10/2015,687.0
27/10/2015,685.6
28/10/2015,687.5
29/10/2015,687.4
30/10/2015,690.3
31/10/2015,690.3
01/11/2015,690.3
02/11/2015,690.3
03/11/2015,691.9
04/11/2015,691.2
05/11/2015,688.9
06/11/2015,693.5
07/11/2015,695.3
08/11/2015,696.2
09/11/2015,697.1
10/11/2015,701.3
11/11/2015,702.7
12/11/2015,699.1
13/11/2015,702.5
14/11/2015,703.8
15/11/2015,704.4
16/11/2015,705.1
17/11/2015,709.6
18/11/2015,710.5
19/11/2015,714.1
20/11/2015,712.0
21/11/2015,710.5
22/11/2015,709.8
23/11/2015,709.0
24/11/2015,715.7
25/11/2015,711.4
26/11/2015,713.5
27/11/2015,712.1
28/11/2015,712.4
29/11/2015,712.5
30/11/2015,712.6
01/12/2015,711.2
02/12/2015,707.2
03/12/2015,703.5
04/12/2015,701.6
05/12/2015,701.3
06/12/2015,701.2
07/12/2015,701.0
08/12/2015,703.7
09/12/2015,706.3
10/12/2015,704.7
11/12/2015,703.5
12/12/2015,705.3
13/12/2015,706.2
14/12/2015,707.1
15/12/2015,711.5
16/12/2015,709.8
17/12/2015,709.2
18/12/2015,708.5
19/12/2015,705.6
20/12/2015,704.2
21/12/2015,702.7
22/12/2015,694.4
23/12/2015,693.7
24/12/2015,696.3
25/12/2015,698.5
26/12/2015,699.6
27/12/2015,700.2
28/12/2015,700.8
29/12/2015,704.4
30/12/2015,707.3
31/12/2015,708.8
01/01/2016,709.5
02/01/2016,709.8
03/01/2016,710.0
04/01/2016,710.2
05/01/2016,716.9
06/01/2016,715.1
07/01/2016,715.8
08/01/2016,721.3
09/01/2016,722.3
10/01/2016,722.8
11/01/2016,723.3
12/01/2016,729.8
13/01/2016,730.3
14/01/2016,726.6
15/01/2016,726.0
16/01/2016,728.1
17/01/2016,729.2
18/01/2016,730.3
19/01/2016,730.2
20/01/2016,726.2
21/01/2016,729.2
22/01/2016,726.6
23/01/2016,721.1
24/01/2016,718.4
25/01/2016,715.6
26/01/2016,717.5
27/01/2016,720.1
28/01/2016,716.2
29/01/2016,711.7
30/01/2016,711.0
31/01/2016,710.7
01/02/2016,710.4
02/02/2016,714.4
03/02/2016,713.5
04/02/2016,709.4
05/02/2016,698.5
06/02/2016,699.3
07/02/2016,699.6
08/02/2016,700.0
09/02/2016,709.8
10/02/2016,715.4
11/02/2016,711.3
12/02/2016,713.5
13/02/2016,711.1
14/02/2016,709.8
15/02/2016,708.6
16/02/2016,701.4
17/02/2016,704.9
18/02/2016,705.4
19/02/2016,700.7
20/02/2016,701.6
21/02/2016,702.0
22/02/2016,702.4
23/02/2016,693.8
24/02/2016,693.2
25/02/2016,698.5
26/02/2016,691.4
27/02/2016,690.3
28/02/2016,689.7
29/02/2016,689.2
01/03/2016,694.2
02/03/2016,694.8
03/03/2016,688.5
04/03/2016,686.6
05/03/2016,684.0
06/03/2016,682.7
07/03/2016,681.4
08/03/2016,681.6
09/03/2016,682.0
10/03/2016,678.7
11/03/2016,678.2
12/03/2016,680.6
13/03/2016,681.8
14/03/2016,683.0
15/03/2016,684.7
16/03/2016,686.0
17/03/2016,688.1
18/03/2016,672.1
19/03/2016,672.0
20/03/2016,672.0
21/03/2016,672.0
22/03/2016,677.5
23/03/2016,677.4
24/03/2016,677.2
25/03/2016,679.8
26/03/2016,681.1
27/03/2016,681.7
28/03/2016,682.4
29/03/2016,680.8
30/03/2016,683.2
31/03/2016,675.1
01/04/2016,669.8
02/04/2016,670.5
03/04/2016,670.9
04/04/2016,671.2
05/04/2016,669.6
06/04/2016,674.9
07/04/2016,676.6
08/04/2016,680.8
09/04/2016,681.6
10/04/2016,682.0
11/04/2016,682.5
12/04/2016,682.2
13/04/2016,674.6
14/04/2016,670.8
15/04/2016,668.4
16/04/2016,667.5
17/04/2016,667.0
18/04/2016,666.6
19/04/2016,666.0
20/04/2016,657.9
21/04/2016,660.4
22/04/2016,660.3
23/04/2016,663.6
24/04/2016,665.2
25/04/2016,666.8
26/04/2016,668.4
27/04/2016,669.0
28/04/2016,668.5
29/04/2016,663.4
30/04/2016,661.4
01/05/2016,660.4
02/05/2016,659.3
03/05/2016,660.9
04/05/2016,667.9
05/05/2016,670.4
06/05/2016,667.4
07/05/2016,667.2
08/05/2016,667.0
09/05/2016,666.9
10/05/2016,671.0
11/05/2016,677.2
12/05/2016,678.5
13/05/2016,682.6
14/05/2016,685.9
15/05/2016,687.6
16/05/2016,689.3
17/05/2016,692.5
18/05/2016,692.8
19/05/2016,691.3
20/05/2016,697.0
21/05/2016,694.6
22/05/2016,693.4
23/05/2016,692.2
24/05/2016,693.9
25/05/2016,692.9
26/05/2016,692.2
27/05/2016,687.3
28/05/2016,687.4
29/05/2016,687.4
30/05/2016,687.4
31/05/2016,690.3
01/06/2016,689.8
02/06/2016,693.6
03/06/2016,691.4
04/06/2016,687.3
05/06/2016,685.3
06/06/2016,683.3
07/06/2016,680.6
08/06/2016,679.9
09/06/2016,673.1
10/06/2016,678.2
11/06/2016,680.9
12/06/2016,682.3
13/06/2016,683.7
14/06/2016,685.0
15/06/2016,688.3
16/06/2016,685.9
17/06/2016,689.8
18/06/2016,687.7
19/06/2016,686.7
20/06/2016,685.6
21/06/2016,679.8
22/06/2016,676.0
23/06/2016,672.8
24/06/2016,669.9
25/06/2016,675.0
26/06/2016,677.6
27/06/2016,678.9
28/06/2016,680.2
29/06/2016,674.2
30/06/2016,661.5
01/07/2016,661.4
02/07/2016,660.5
03/07/2016,660.1
04/07/2016,659.6
05/07/2016,659.3
06/07/2016,661.3
07/07/2016,664.5
08/07/2016,664.1
09/07/2016,662.8
10/07/2016,662.1
11/07/2016,661.5
12/07/2016,657.8
13/07/2016,657.8
14/07/2016,658.2
15/07/2016,650.9
16/07/2016,650.8
17/07/2016,650.7
18/07/2016,650.6
19/07/2016,650.8
20/07/2016,651.5
21/07/2016,651.4
22/07/2016,650.1
23/07/2016,650.4
24/07/2016,650.6
25/07/2016,650.8
26/07/2016,656.3
27/07/2016,661.0
28/07/2016,664.9
29/07/2016,664.9
30/07/2016,660.9
31/07/2016,658.9
01/08/2016,657.0
02/08/2016,657.5
03/08/2016,654.8
04/08/2016,657.2
05/08/2016,657.4
06/08/2016,657.2
07/08/2016,657.1
08/08/2016,657.0
09/08/2016,654.8
10/08/2016,653.1
11/08/2016,649.3
12/08/2016,645.2
13/08/2016,646.8
14/08/2016,647.5
15/08/2016,647.9
16/08/2016,648.3
17/08/2016,649.0
18/08/2016,657.5
19/08/2016,656.1
20/08/2016,658.5
21/08/2016,659.7
22/08/2016,660.9
23/08/2016,667.3
24/08/2016,668.6
25/08/2016,671.5
26/08/2016,665.9
27/08/2016,664.4
28/08/2016,663.7
29/08/2016,662.9
30/08/2016,671.3
31/08/2016,673.2
01/09/2016,678.6
02/09/2016,680.3
03/09/2016,677.9
04/09/2016,676.6
05/09/2016,675.4
06/09/2016,673.6
07/09/2016,669.5
08/09/2016,661.0
09/09/2016,661.9
10/09/2016,666.3
11/09/2016,668.4
12/09/2016,670.6
13/09/2016,674.2
14/09/2016,673.0
15/09/2016,674.9
16/09/2016,671.4
17/09/2016,673.0
18/09/2016,673.8
19/09/2016,674.3
20/09/2016,674.7
21/09/2016,672.7
22/09/2016,666.9
23/09/2016,657.3
24/09/2016,658.5
25/09/2016,659.1
26/09/2016,659.7
27/09/2016,662.3
28/09/2016,662.0
29/09/2016,662.3
30/09/2016,659.1
01/10/2016,658.6
02/10/2016,658.3
03/10/2016,658.0
04/10/2016,658.6
05/10/2016,662.3
06/10/2016,664.9
07/10/2016,667.0
08/10/2016,667.5
09/10/2016,667.7
10/10/2016,667.8
11/10/2016,667.9
12/10/2016,667.5
13/10/2016,667.2
14/10/2016,670.9
15/10/2016,670.6
16/10/2016,670.5
17/10/2016,670.4
18/10/2016,670.6
19/10/2016,668.5
20/10/2016,667.4
21/10/2016,666.7
22/10/2016,666.9
23/10/2016,667.0
24/10/2016,667.1
25/10/2016,660.4
26/10/2016,654.0
27/10/2016,653.6
28/10/2016,651.7
29/10/2016,651.4
30/10/2016,651.3
31/10/2016,651.2
01/11/2016,651.2
02/11/2016,651.2
03/11/2016,653.6
04/11/2016,650.7
05/11/2016,652.8
06/11/2016,653.8
07/11/2016,654.9
08/11/2016,654.7
09/11/2016,651.3
10/11/2016,651.0
11/11/2016,656.4
12/11/2016,659.8
13/11/2016,661.5
14/11/2016,663.2
15/11/2016,668.3
16/11/2016,668.9
17/11/2016,675.8
18/11/2016,674.4
19/11/2016,676.3
20/11/2016,677.3
21/11/2016,678.3
22/11/2016,675.4
23/11/2016,674.4
24/11/2016,679.2
25/11/2016,677.6
26/11/2016,677.8
27/11/2016,677.9
28/11/2016,678.0
29/11/2016,675.9
30/11/2016,675.5
01/12/2016,673.5
02/12/2016,674.8
03/12/2016,673.7
04/12/2016,673.1
05/12/2016,672.6
06/12/2016,668.9
07/12/2016,662.1
08/12/2016,659.1
09/12/2016,656.1
10/12/2016,654.8
11/12/2016,654.2
12/12/2016,653.6
13/12/2016,649.4
14/12/2016,650.3
15/12/2016,654.9
16/12/2016,663.7
17/12/2016,666.9
18/12/2016,668.5
19/12/2016,670.2
20/12/2016,677.1
21/12/2016,676.1
22/12/2016,672.2
23/12/2016,675.0
24/12/2016,674.2
25/12/2016,673.9
26/12/2016,673.5
27/12/2016,672.7
28/12/2016,673.7
29/12/2016,673.1
30/12/2016,667.3
31/12/2016,668.4
01/01/2017,668.9
02/01/2017,669.2
03/01/2017,669.5
04/01/2017,673.4
05/01/2017,671.8
06/01/2017,666.4
07/01/2017,665.9
08/01/2017,665.6
09/01/2017,665.3
10/01/2017,670.4
11/01/2017,670.9
12/01/2017,671.7
13/01/2017,663.0
14/01/2017,661.6
15/01/2017,660.9
16/01/2017,660.1
17/01/2017,661.4
18/01/2017,657.9
19/01/2017,658.9
20/01/2017,660.2
21/01/2017,659.8
22/01/2017,659.7
23/01/2017,659.5
24/01/2017,652.9
25/01/2017,653.8
26/01/2017,651.0
27/01/2017,648.3
28/01/2017,649.1
29/01/2017,649.5
30/01/2017,649.9
31/01/2017,648.9
01/02/2017,646.2
02/02/2017,647.0
03/02/2017,643.2
04/02/2017,642.5
05/02/2017,642.1
06/02/2017,641.8
07/02/2017,639.4
08/02/2017,646.1
09/02/2017,646.6
10/02/2017,646.8
11/02/2017,644.7
12/02/2017,643.7
13/02/2017,642.6
14/02/2017,642.4
15/02/2017,641.9
16/02/2017,639.9
17/02/2017,638.4
18/02/2017,640.9
19/02/2017,642.2
20/02/2017,643.5
21/02/2017,642.2
22/02/2017,643.6
23/02/2017,641.5
24/02/2017,640.4
25/02/2017,643.0
26/02/2017,644.3
27/02/2017,645.7
28/02/2017,645.2
01/03/2017,648.9
02/03/2017,651.0
03/03/2017,654.1
04/03/2017,654.8
05/03/2017,655.2
06/03/2017,655.6
07/03/2017,658.7
08/03/2017,660.0
09/03/2017,661.7
10/03/2017,664.8
11/03/2017,664.1
12/03/2017,663.8
13/03/2017,663.4
14/03/2017,665.4
15/03/2017,669.1
16/03/2017,669.5
17/03/2017,661.2
18/03/2017,661.2
19/03/2017,661.2
20/03/2017,661.2
21/03/2017,662.4
22/03/2017,657.8
23/03/2017,662.8
24/03/2017,662.4
25/03/2017,662.0
26/03/2017,661.8
27/03/2017,661.6
28/03/2017,663.7
29/03/2017,666.0
30/03/2017,663.6
31/03/2017,662.7
01/04/2017,663.3
02/04/2017,663.6
03/04/2017,664.0
04/04/2017,658.2
05/04/2017,661.4
06/04/2017,657.7
07/04/2017,656.5
08/04/2017,656.5
09/04/2017,656.5
10/04/2017,656.5
11/04/2017,654.2
12/04/2017,652.8
13/04/2017,653.7
14/04/2017,651.8
15/04/2017,650.9
16/04/2017,650.5
17/04/2017,650.0
18/04/2017,647.5
19/04/2017,647.6
20/04/2017,647.7
21/04/2017,649.3
22/04/2017,650.0
23/04/2017,650.3
24/04/2017,650.7
25/04/2017,653.7
26/04/2017,660.0
27/04/2017,665.4
28/04/2017,664.3
29/04/2017,664.8
30/04/2017,665.1
01/05/2017,665.3
02/05/2017,665.4
03/05/2017,667.0
04/05/2017,669.0
05/05/2017,673.9
06/05/2017,674.4
07/05/2017,674.6
08/05/2017,674.9
09/05/2017,676.3
10/05/2017,679.1
11/05/2017,672.9
12/05/2017,671.6
13/05/2017,671.3
14/05/2017,671.2
15/05/2017,671.0
16/05/2017,668.0
17/05/2017,666.3
18/05/2017,668.6
19/05/2017,675.8
20/05/2017,673.1
21/05/2017,671.7
22/05/2017,670.3
23/05/2017,668.2
24/05/2017,672.4
25/05/2017,674.3
26/05/2017,669.4
27/05/2017,669.8
28/05/2017,670.0
29/05/2017,670.3
30/05/2017,674.0
31/05/2017,675.3
01/06/2017,672.4
02/06/2017,672.4
03/06/2017,671.4
04/06/2017,670.9
05/06/2017,670.4
06/06/2017,668.9
07/06/2017,668.7
08/06/2017,668.4
09/06/2017,666.3
10/06/2017,665.4
11/06/2017,664.9
12/06/2017,664.5
13/06/2017,661.6
14/06/2017,662.2
15/06/2017,659.5
16/06/2017,665.2
17/06/2017,664.5
18/06/2017,664.1
19/06/2017,663.7
20/06/2017,662.5
21/06/2017,663.8
22/06/2017,664.5
23/06/2017,664.0
24/06/2017,662.9
25/06/2017,662.3
26/06/2017,662.0
27/06/2017,661.7
28/06/2017,662.1
29/06/2017,662.4
30/06/2017,663.2
01/07/2017,663.8
02/07/2017,664.0
03/07/2017,664.3
04/07/2017,662.0
05/07/2017,663.4
06/07/2017,665.9
07/07/2017,666.2
08/07/2017,666.4
09/07/2017,666.5
10/07/2017,666.6
11/07/2017,666.5
12/07/2017,666.6
13/07/2017,663.5
14/07/2017,660.7
15/07/2017,659.4
16/07/2017,658.8
17/07/2017,658.2
18/07/2017,656.9
19/07/2017,656.0
20/07/2017,653.7
21/07/2017,651.6
22/07/2017,651.7
23/07/2017,651.8
24/07/2017,651.8
25/07/2017,650.7
26/07/2017,648.8
27/07/2017,648.8
28/07/2017,648.0
29/07/2017,649.8
30/07/2017,650.7
31/07/2017,651.6
01/08/2017,652.2
02/08/2017,651.9
03/08/2017,652.8
04/08/2017,650.2
05/08/2017,650.0
06/08/2017,650.0
07/08/2017,649.9
08/08/2017,650.5
09/08/2017,649.5
10/08/2017,649.5
11/08/2017,647.4
12/08/2017,647.6
13/08/2017,647.7
14/08/2017,647.8
15/08/2017,647.7
16/08/2017,647.6
17/08/2017,645.9
18/08/2017,645.3
19/08/2017,645.9
20/08/2017,646.3
21/08/2017,646.6
22/08/2017,642.7
23/08/2017,641.5
24/08/2017,641.5
25/08/2017,638.6
26/08/2017,637.6
27/08/2017,637.1
28/08/2017,636.6
29/08/2017,630.3
30/08/2017,626.7
31/08/2017,628.4
01/09/2017,628.9
02/09/2017,626.5
03/09/2017,625.4
04/09/2017,624.2
05/09/2017,624.7
06/09/2017,621.6
07/09/2017,620.6
08/09/2017,615.6
09/09/2017,617.0
10/09/2017,617.7
11/09/2017,618.4
12/09/2017,621.7
13/09/2017,624.3
14/09/2017,626.1
15/09/2017,627.3
16/09/2017,626.4
17/09/2017,626.0
18/09/2017,625.7
19/09/2017,625.6
20/09/2017,625.5
21/09/2017,621.9
22/09/2017,623.9
23/09/2017,623.9
24/09/2017,623.9
25/09/2017,623.9
26/09/2017,628.4
27/09/2017,633.4
28/09/2017,638.3
29/09/2017,636.9
30/09/2017,637.4
01/10/2017,637.7
02/10/2017,637.9
03/10/2017,640.5
04/10/2017,635.8
05/10/2017,630.7
06/10/2017,628.8
07/10/2017,631.1
08/10/2017,632.2
09/10/2017,632.8
10/10/2017,633.3
11/10/2017,628.8
12/10/2017,626.8
13/10/2017,625.0
14/10/2017,623.6
15/10/2017,622.8
16/10/2017,622.1
17/10/2017,619.7
18/10/2017,622.1
19/10/2017,625.0
20/10/2017,625.6
21/10/2017,627.1
22/10/2017,627.9
23/10/2017,628.7
24/10/2017,631.0
25/10/2017,632.0
26/10/2017,631.1
27/10/2017,630.4
28/10/2017,630.0
29/10/2017,629.8
30/10/2017,629.6
31/10/2017,636.5
01/11/2017,636.6
02/11/2017,636.8
03/11/2017,632.0
04/11/2017,631.4
05/11/2017,631.1
06/11/2017,630.8
07/11/2017,633.0
08/11/2017,633.7
09/11/2017,631.8
10/11/2017,631.5
11/11/2017,631.0
12/11/2017,630.8
13/11/2017,630.6
14/11/2017,632.4
15/11/2017,630.6
16/11/2017,631.9
17/11/2017,630.4
18/11/2017,629.8
19/11/2017,629.5
20/11/2017,629.2
21/11/2017,636.7
22/11/2017,635.7
23/11/2017,634.8
24/11/2017,634.2
25/11/2017,633.9
26/11/2017,633.8
27/11/2017,633.7
28/11/2017,635.8
29/11/2017,641.1
30/11/2017,642.4
01/12/2017,645.3
02/12/2017,647.1
03/12/2017,647.9
04/12/2017,648.8
05/12/2017,648.2
06/12/2017,652.5
07/12/2017,653.8
08/12/2017,654.5
09/12/2017,654.9
10/12/2017,655.1
11/12/2017,655.3
12/12/2017,655.5
13/12/2017,655.7
14/12/2017,649.4
15/12/2017,641.1
16/12/2017,639.7
17/12/2017,639.0
18/12/2017,638.4
19/12/2017,622.9
20/12/2017,620.6
21/12/2017,620.6
22/12/2017,620.5
23/12/2017,621.3
24/12/2017,621.7
25/12/2017,621.9
26/12/2017,622.1
27/12/2017,619.0
28/12/2017,616.6
29/12/2017,615.2
30/12/2017,615.0
31/12/2017,614.9
01/01/2018,614.8
02/01/2018,614.8
03/01/2018,609.5
04/01/2018,604.8
05/01/2018,604.0
06/01/2018,605.0
07/01/2018,605.5
08/01/2018,606.0
09/01/2018,606.3
10/01/2018,607.3
11/01/2018,609.2
12/01/2018,608.0
13/01/2018,606.1
14/01/2018,605.1
15/01/2018,604.1
16/01/2018,601.7
17/01/2018,601.7
18/01/2018,605.0
19/01/2018,605.5
20/01/2018,606.0
21/01/2018,606.3
22/01/2018,606.6
23/01/2018,606.3
24/01/2018,608.2
25/01/2018,604.1
26/01/2018,599.3
27/01/2018,599.9
28/01/2018,600.1
29/01/2018,600.4
30/01/2018,604.6
31/01/2018,604.4
01/02/2018,603.3
02/02/2018,599.2
03/02/2018,600.2
04/02/2018,600.7
05/02/2018,601.3
06/02/2018,603.1
07/02/2018,601.2
08/02/2018,596.5
09/02/2018,600.7
10/02/2018,601.9
11/02/2018,602.5
12/02/2018,603.1
13/02/2018,600.4
14/02/2018,597.0
15/02/2018,596.7
16/02/2018,592.7
17/02/2018,592.9
18/02/2018,593.0
19/02/2018,593.2
20/02/2018,594.6
21/02/2018,595.6
22/02/2018,594.7
23/02/2018,594.7
24/02/2018,593.1
25/02/2018,592.4
26/02/2018,591.6
27/02/2018,588.3
28/02/2018,589.2
01/03/2018,593.6
02/03/2018,596.2
03/03/2018,597.1
04/03/2018,597.6
05/03/2018,598.0
06/03/2018,600.5
07/03/2018,595.9
08/03/2018,601.9
09/03/2018,605.2
10/03/2018,604.4
11/03/2018,604.0
12/03/2018,603.6
13/03/2018,603.9
14/03/2018,602.2
15/03/2018,601.2
16/03/2018,603.5
17/03/2018,605.6
18/03/2018,606.6
19/03/2018,607.6
20/03/2018,609.4
21/03/2018,609.6
22/03/2018,607.2
23/03/2018,607.8
24/03/2018,608.0
25/03/2018,608.0
26/03/2018,608.1
27/03/2018,606.1
28/03/2018,605.7
29/03/2018,605.3
30/03/2018,604.3
31/03/2018,603.9
01/04/2018,603.6
02/04/2018,603.4
03/04/2018,604.1
04/04/2018,603.7
05/04/2018,604.8
06/04/2018,602.7
07/04/2018,603.9
08/04/2018,604.6
09/04/2018,605.2
10/04/2018,604.5
11/04/2018,602.0
12/04/2018,599.2
13/04/2018,597.0
14/04/2018,596.2
15/04/2018,595.8
16/04/2018,595.5
17/04/2018,596.0
18/04/2018,595.8
19/04/2018,594.4
20/04/2018,594.4
21/04/2018,595.3
22/04/2018,595.8
23/04/2018,596.3
24/04/2018,600.6
25/04/2018,599.9
26/04/2018,603.2
27/04/2018,603.3
28/04/2018,604.5
29/04/2018,605.1
30/04/2018,605.7
01/05/2018,608.4
02/05/2018,611.0
03/05/2018,617.7
04/05/2018,619.2
05/05/2018,620.3
06/05/2018,620.8
07/05/2018,621.4
08/05/2018,627.1
09/05/2018,636.0
10/05/2018,632.9
11/05/2018,626.8
12/05/2018,622.7
13/05/2018,620.6
14/05/2018,618.5
15/05/2018,622.9
16/05/2018,632.7
17/05/2018,630.9
18/05/2018,632.4
19/05/2018,634.7
20/05/2018,635.9
21/05/2018,636.4
22/05/2018,637.0
23/05/2018,627.2
24/05/2018,625.0
25/05/2018,624.3
26/05/2018,624.8
27/05/2018,625.0
28/05/2018,625.3
29/05/2018,624.4
30/05/2018,627.5
31/05/2018,628.3
01/06/2018,631.3
02/06/2018,631.6
03/06/2018,631.7
04/06/2018,631.9
05/06/2018,630.4
06/06/2018,633.9
07/06/2018,629.2
08/06/2018,630.6
09/06/2018,630.5
10/06/2018,630.5
11/06/2018,630.5
12/06/2018,632.8
13/06/2018,634.2
14/06/2018,634.6
15/06/2018,634.0
16/06/2018,635.2
17/06/2018,635.8
18/06/2018,636.4
19/06/2018,637.4
20/06/2018,641.5
21/06/2018,639.0
22/06/2018,640.7
23/06/2018,639.1
24/06/2018,638.3
25/06/2018,637.5
26/06/2018,639.4
27/06/2018,640.2
28/06/2018,645.9
29/06/2018,648.0
30/06/2018,649.6
01/07/2018,650.4
02/07/2018,650.8
03/07/2018,651.2
04/07/2018,652.1
05/07/2018,653.2
06/07/2018,655.3
07/07/2018,656.3
08/07/2018,656.8
09/07/2018,657.3
10/07/2018,651.7
11/07/2018,650.4
12/07/2018,652.4
13/07/2018,648.1
14/07/2018,648.3
15/07/2018,648.5
16/07/2018,648.5
17/07/2018,648.6
18/07/2018,653.9
19/07/2018,655.5
20/07/2018,661.7
21/07/2018,660.4
22/07/2018,659.7
23/07/2018,659.1
24/07/2018,662.4
25/07/2018,655.7
26/07/2018,649.1
27/07/2018,648.4
28/07/2018,645.8
29/07/2018,644.5
30/07/2018,643.2
31/07/2018,638.8
01/08/2018,639.2
02/08/2018,641.1
03/08/2018,644.3
04/08/2018,644.1
05/08/2018,644.0
06/08/2018,643.8
07/08/2018,646.8
08/08/2018,642.1
09/08/2018,644.1
10/08/2018,646.0
11/08/2018,650.0
12/08/2018,652.0
13/08/2018,654.0
14/08/2018,658.7
15/08/2018,660.2
16/08/2018,661.8
17/08/2018,666.1
18/08/2018,667.3
19/08/2018,667.9
20/08/2018,668.4
21/08/2018,669.8
22/08/2018,665.0
23/08/2018,660.7
24/08/2018,665.6
25/08/2018,664.1
26/08/2018,663.4
27/08/2018,662.6
28/08/2018,656.8
29/08/2018,658.5
30/08/2018,666.8
31/08/2018,675.4
01/09/2018,677.9
02/09/2018,679.2
03/09/2018,680.5
04/09/2018,684.1
05/09/2018,693.1
06/09/2018,691.1
07/09/2018,685.0
08/09/2018,686.7
09/09/2018,687.6
10/09/2018,688.4
11/09/2018,692.6
12/09/2018,698.4
13/09/2018,691.1
14/09/2018,682.8
15/09/2018,683.8
16/09/2018,684.3
17/09/2018,684.6
18/09/2018,684.7
19/09/2018,684.8
20/09/2018,684.9
21/09/2018,673.7
22/09/2018,670.1
23/09/2018,668.3
24/09/2018,666.4
25/09/2018,667.2
26/09/2018,670.8
27/09/2018,663.9
28/09/2018,661.5
29/09/2018,661.0
30/09/2018,660.7
01/10/2018,660.4
02/10/2018,656.3
03/10/2018,658.9
04/10/2018,659.3
05/10/2018,670.4
06/10/2018,671.5
07/10/2018,672.1
08/10/2018,672.6
09/10/2018,680.7
10/10/2018,683.5
11/10/2018,683.6
12/10/2018,683.7
13/10/2018,681.0
14/10/2018,679.6
15/10/2018,678.9
16/10/2018,678.2
17/10/2018,670.5
18/10/2018,670.1
19/10/2018,674.7
20/10/2018,675.8
21/10/2018,676.3
22/10/2018,676.9
23/10/2018,680.2
24/10/2018,685.1
25/10/2018,686.9
26/10/2018,687.5
27/10/2018,688.7
28/10/2018,689.4
29/10/2018,690.0
30/10/2018,687.9
31/10/2018,693.3
01/11/2018,695.9
02/11/2018,697.2
03/11/2018,697.9
04/11/2018,698.2
05/11/2018,698.6
06/11/2018,682.8
07/11/2018,680.0
08/11/2018,676.1
09/11/2018,675.9
10/11/2018,678.7
11/11/2018,680.0
12/11/2018,681.4
13/11/2018,685.5
14/11/2018,688.8
15/11/2018,687.0
16/11/2018,678.5
17/11/2018,675.5
18/11/2018,673.9
19/11/2018,672.4
20/11/2018,670.1
21/11/2018,671.4
22/11/2018,669.5
23/11/2018,667.5
24/11/2018,670.4
25/11/2018,671.8
26/11/2018,673.3
27/11/2018,675.9
28/11/2018,676.0
29/11/2018,672.4
30/11/2018,669.4
01/12/2018,670.3
02/12/2018,670.7
03/12/2018,671.1
04/12/2018,666.5
05/12/2018,669.0
06/12/2018,671.8
07/12/2018,677.8
08/12/2018,675.9
09/12/2018,675.0
10/12/2018,674.0
11/12/2018,677.0
12/12/2018,679.9
13/12/2018,678.8
14/12/2018,681.2
15/12/2018,683.8
16/12/2018,685.1
17/12/2018,686.4
18/12/2018,685.1
19/12/2018,688.5
20/12/2018,688.5
21/12/2018,688.1
22/12/2018,690.0
23/12/2018,690.9
24/12/2018,691.9
25/12/2018,692.3
26/12/2018,692.7
27/12/2018,693.8
28/12/2018,695.7
29/12/2018,695.2
30/12/2018,695.0
31/12/2018,694.9
01/01/2019,694.8
02/01/2019,694.8
03/01/2019,697.1
04/01/2019,697.6
05/01/2019,693.0
06/01/2019,690.7
07/01/2019,688.4
08/01/2019,679.7
09/01/2019,680.1
10/01/2019,678.1
11/01/2019,677.6
12/01/2019,676.4
13/01/2019,675.8
14/01/2019,675.2
15/01/2019,675.0
16/01/2019,673.8
17/01/2019,672.7
18/01/2019,671.4
19/01/2019,670.7
20/01/2019,670.4
21/01/2019,670.1
22/01/2019,672.4
23/01/2019,672.3
24/01/2019,672.4
25/01/2019,672.1
26/01/2019,669.6
27/01/2019,668.3
28/01/2019,667.0
29/01/2019,671.3
30/01/2019,669.6
31/01/2019,666.8
01/02/2019,657.8
02/02/2019,656.6
03/02/2019,656.0
04/02/2019,655.4
05/02/2019,653.8
06/02/2019,652.8
07/02/2019,653.9
08/02/2019,654.4
09/02/2019,655.5
10/02/2019,656.0
11/02/2019,656.5
12/02/2019,660.8
13/02/2019,660.5
14/02/2019,661.6
15/02/2019,665.9
16/02/2019,664.9
17/02/2019,664.5
18/02/2019,664.0
19/02/2019,660.8
20/02/2019,658.8
21/02/2019,654.5
22/02/2019,654.3
23/02/2019,652.8
24/02/2019,652.1
25/02/2019,651.4
26/02/2019,649.2
27/02/2019,649.8
28/02/2019,649.9
01/03/2019,651.8
02/03/2019,654.2
03/03/2019,655.4
04/03/2019,656.6
05/03/2019,659.1
06/03/2019,657.5
07/03/2019,658.4
08/03/2019,662.2
09/03/2019,666.5
10/03/2019,668.7
11/03/2019,670.8
12/03/2019,669.4
13/03/2019,667.1
14/03/2019,665.7
15/03/2019,670.6
16/03/2019,670.0
17/03/2019,669.7
18/03/2019,669.4
19/03/2019,667.2
20/03/2019,664.8
21/03/2019,666.1
22/03/2019,665.1
23/03/2019,670.9
24/03/2019,673.7
25/03/2019,676.6
26/03/2019,679.1
27/03/2019,679.0
28/03/2019,683.7
29/03/2019,681.1
30/03/2019,679.8
31/03/2019,679.2
01/04/2019,678.5
02/04/2019,672.6
03/04/2019,670.1
04/04/2019,667.6
05/04/2019,666.3
06/04/2019,665.2
07/04/2019,664.7
08/04/2019,664.2
09/04/2019,663.0
10/04/2019,663.2
11/04/2019,662.9
12/04/2019,664.2
13/04/2019,662.4
14/04/2019,661.6
15/04/2019,660.7
16/04/2019,662.9
17/04/2019,664.0
18/04/2019,660.5
19/04/2019,661.4
20/04/2019,661.8
21/04/2019,662.0
22/04/2019,662.3
23/04/2019,663.9
24/04/2019,668.2
25/04/2019,672.8
26/04/2019,676.2
27/04/2019,675.0
28/04/2019,674.4
29/04/2019,673.9
30/04/2019,677.7
01/05/2019,678.2
02/05/2019,678.7
03/05/2019,683.3
04/05/2019,681.0
05/05/2019,679.8
06/05/2019,678.7
07/05/2019,681.1
08/05/2019,683.5
09/05/2019,684.5
10/05/2019,686.4
11/05/2019,686.1
12/05/2019,685.9
13/05/2019,685.7
14/05/2019,693.0
15/05/2019,692.3
16/05/2019,692.6
17/05/2019,692.8
18/05/2019,694.7
19/05/2019,695.7
20/05/2019,696.6
21/05/2019,696.9
22/05/2019,697.2
23/05/2019,696.7
24/05/2019,698.0
25/05/2019,696.4
26/05/2019,695.6
27/05/2019,694.8
28/05/2019,696.5
29/05/2019,703.5
30/05/2019,708.2
31/05/2019,707.9
01/06/2019,708.8
02/06/2019,709.3
03/06/2019,709.8
04/06/2019,704.6
05/06/2019,696.8
06/06/2019,693.3
07/06/2019,692.2
08/06/2019,692.2
09/06/2019,692.3
10/06/2019,692.3
11/06/2019,697.3
12/06/2019,693.6
13/06/2019,694.9
14/06/2019,696.3
15/06/2019,697.5
16/06/2019,698.1
17/06/2019,698.7
18/06/2019,699.5
19/06/2019,696.8
20/06/2019,694.0
21/06/2019,684.2
22/06/2019,683.8
23/06/2019,683.6
24/06/2019,683.4
25/06/2019,682.3
26/06/2019,678.3
27/06/2019,680.1
28/06/2019,679.9
29/06/2019,679.5
30/06/2019,679.3
01/07/2019,679.2
02/07/2019,677.6
03/07/2019,681.3
04/07/2019,680.5
05/07/2019,677.6
06/07/2019,680.4
07/07/2019,681.8
08/07/2019,683.1
09/07/2019,685.8
10/07/2019,688.9
11/07/2019,685.4
12/07/2019,683.4
13/07/2019,682.2
14/07/2019,681.6
15/07/2019,681.1
16/07/2019,680.3
17/07/2019,679.5
18/07/2019,681.7
19/07/2019,683.3
20/07/2019,684.5
21/07/2019,685.2
22/07/2019,685.8
23/07/2019,688.3
24/07/2019,691.6
25/07/2019,691.4
26/07/2019,694.2
27/07/2019,695.4
28/07/2019,696.0
29/07/2019,696.6
30/07/2019,697.2
31/07/2019,700.0
01/08/2019,700.8
02/08/2019,704.9
03/08/2019,708.0
04/08/2019,709.6
05/08/2019,711.1
06/08/2019,721.7
07/08/2019,716.4
08/08/2019,718.6
09/08/2019,711.0
10/08/2019,711.5
11/08/2019,711.8
12/08/2019,712.0
13/08/2019,716.7
14/08/2019,708.4
15/08/2019,709.3
16/08/2019,710.1
17/08/2019,709.7
18/08/2019,709.5
19/08/2019,709.3
20/08/2019,711.9
21/08/2019,710.6
22/08/2019,709.5
23/08/2019,713.2
24/08/2019,714.8
25/08/2019,715.6
26/08/2019,716.4
27/08/2019,718.8
28/08/2019,721.6
29/08/2019,724.2
30/08/2019,720.7
31/08/2019,720.4
01/09/2019,720.3
02/09/2019,720.2
03/09/2019,724.7
04/09/2019,725.7
05/09/2019,723.3
06/09/2019,717.5
07/09/2019,714.4
08/09/2019,712.8
09/09/2019,711.2
10/09/2019,713.7
11/09/2019,714.8
12/09/2019,714.4
13/09/2019,711.3
14/09/2019,709.2
15/09/2019,708.1
16/09/2019,707.1
17/09/2019,709.8
18/09/2019,712.5
19/09/2019,713.9
20/09/2019,714.6
21/09/2019,714.9
22/09/2019,715.1
23/09/2019,715.2
24/09/2019,722.2
25/09/2019,721.9
26/09/2019,727.1
27/09/2019,726.2
28/09/2019,725.9
29/09/2019,725.8
30/09/2019,725.7
01/10/2019,728.2
02/10/2019,729.4
03/10/2019,727.8
04/10/2019,719.5
05/10/2019,717.5
06/10/2019,716.5
07/10/2019,715.5
08/10/2019,717.1
09/10/2019,722.3
10/10/2019,724.3
11/10/2019,720.6
12/10/2019,716.8
13/10/2019,714.9
14/10/2019,713.0
15/10/2019,712.0
16/10/2019,715.5
17/10/2019,718.7
18/10/2019,713.2
19/10/2019,711.5
20/10/2019,710.6
21/10/2019,709.7
22/10/2019,723.5
23/10/2019,726.2
24/10/2019,726.2
25/10/2019,723.4
26/10/2019,724.7
27/10/2019,725.3
28/10/2019,725.9
29/10/2019,724.4
30/10/2019,726.3
31/10/2019,730.7
01/11/2019,732.9
02/11/2019,734.0
03/11/2019,734.5
04/11/2019,735.1
05/11/2019,736.7
06/11/2019,745.9
07/11/2019,743.7
08/11/2019,740.2
09/11/2019,743.2
10/11/2019,744.7
11/11/2019,746.2
12/11/2019,756.1
13/11/2019,783.7
14/11/2019,794.5
15/11/2019,801.8
16/11/2019,792.3
17/11/2019,787.6
18/11/2019,782.8
19/11/2019,773.8
20/11/2019,782.7
21/11/2019,797.2
22/11/2019,795.1
23/11/2019,795.5
24/11/2019,795.7
25/11/2019,795.9
26/11/2019,791.2
27/11/2019,793.5
28/11/2019,806.3
29/11/2019,828.3
30/11/2019,820.2
01/12/2019,816.2
02/12/2019,812.1
03/12/2019,804.3
04/12/2019,802.4
05/12/2019,796.8
06/12/2019,784.3
07/12/2019,781.6
08/12/2019,780.3
09/12/2019,779.0
10/12/2019,771.3
11/12/2019,778.1
12/12/2019,772.9
13/12/2019,768.7
14/12/2019,767.7
15/12/2019,767.2
16/12/2019,766.8
17/12/2019,762.8
18/12/2019,757.0
19/12/2019,752.3
20/12/2019,752.6
21/12/2019,751.2
22/12/2019,750.5
23/12/2019,749.8
24/12/2019,754.3
25/12/2019,752.7
26/12/2019,751.0
27/12/2019,746.7
28/12/2019,745.6
29/12/2019,745.1
30/12/2019,744.6
31/12/2019,746.7
01/01/2020,747.7
02/01/2020,748.7
03/01/2020,754.2
04/01/2020,756.3
05/01/2020,757.4
06/01/2020,758.5
07/01/2020,771.8
08/01/2020,773.1
09/01/2020,766.8
10/01/2020,764.7
11/01/2020,767.6
12/01/2020,769.1
13/01/2020,770.6
14/01/2020,777.7
15/01/2020,772.3
16/01/2020,772.0
17/01/2020,773.4
18/01/2020,772.4
19/01/2020,771.9
20/01/2020,771.4
21/01/2020,769.9
22/01/2020,770.5
23/01/2020,772.1
24/01/2020,771.9
25/01/2020,774.2
26/01/2020,775.4
27/01/2020,776.5
28/01/2020,787.9
29/01/2020,788.1
30/01/2020,788.2
31/01/2020,798.0
01/02/2020,798.5
02/02/2020,798.8
03/02/2020,799.1
04/02/2020,790.9
05/02/2020,781.8
06/02/2020,777.0
07/02/2020,779.1
08/02/2020,784.0
09/02/2020,786.4
10/02/2020,788.8
11/02/2020,795.9
12/02/2020,792.5
13/02/2020,788.3
14/02/2020,795.1
15/02/2020,793.9
16/02/2020,793.3
17/02/2020,792.7
18/02/2020,792.0
19/02/2020,796.9
20/02/2020,797.4
21/02/2020,804.7
22/02/2020,807.3
23/02/2020,808.6
24/02/2020,809.8
25/02/2020,810.2
26/02/2020,808.0
27/02/2020,811.1
28/02/2020,816.3
29/02/2020,817.3
01/03/2020,817.8
02/03/2020,818.3
03/03/2020,817.5
04/03/2020,809.8
05/03/2020,812.2
06/03/2020,823.3
07/03/2020,826.1
08/03/2020,827.5
09/03/2020,829.0
10/03/2020,841.1
11/03/2020,834.2
12/03/2020,835.5
13/03/2020,852.1
14/03/2020,844.4
15/03/2020,840.5
16/03/2020,836.7
17/03/2020,850.5
18/03/2020,855.1
19/03/2020,862.7
20/03/2020,867.8
21/03/2020,859.4
22/03/2020,855.2
23/03/2020,851.0
24/03/2020,861.1
25/03/2020,847.0
26/03/2020,844.0
27/03/2020,836.1
28/03/2020,835.6
29/03/2020,835.4
30/03/2020,835.2
31/03/2020,846.3
01/04/2020,852.0
02/04/2020,863.8
03/04/2020,861.9
04/04/2020,862.9
05/04/2020,863.5
06/04/2020,864.0
07/04/2020,853.9
08/04/2020,842.1
09/04/2020,851.9
10/04/2020,845.7
11/04/2020,842.6
12/04/2020,841.0
13/04/2020,839.5
14/04/2020,844.6
15/04/2020,848.6
16/04/2020,859.3
17/04/2020,852.5
18/04/2020,851.0
19/04/2020,850.2
20/04/2020,849.5
21/04/2020,856.2
22/04/2020,862.1
23/04/2020,856.5
24/04/2020,858.9
25/04/2020,859.4
26/04/2020,859.7
27/04/2020,860.0
28/04/2020,856.8
29/04/2020,850.4
30/04/2020,836.6
01/05/2020,837.3
02/05/2020,837.6
03/05/2020,837.8
04/05/2020,837.9
05/05/2020,838.7
06/05/2020,832.8
07/05/2020,839.1
08/05/2020,836.3
09/05/2020,832.0
10/05/2020,829.8
11/05/2020,827.7
12/05/2020,826.1
13/05/2020,821.9
14/05/2020,820.4
15/05/2020,822.9
16/05/2020,823.4
17/05/2020,823.6
18/05/2020,823.9
19/05/2020,820.7
20/05/2020,819.1
21/05/2020,812.6
22/05/2020,806.2
23/05/2020,806.0
24/05/2020,805.9
25/05/2020,805.8
26/05/2020,803.7
27/05/2020,802.1
28/05/2020,816.5
29/05/2020,812.7
30/05/2020,809.5
31/05/2020,807.9
01/06/2020,806.3
02/06/2020,796.5
03/06/2020,782.9
04/06/2020,769.1
05/06/2020,775.6
06/06/2020,770.3
07/06/2020,767.6
08/06/2020,765.0
09/06/2020,769.3
10/06/2020,772.0
11/06/2020,767.9
12/06/2020,784.7
13/06/2020,787.7
14/06/2020,789.2
15/06/2020,790.7
16/06/2020,796.9
17/06/2020,779.1
18/06/2020,798.5
19/06/2020,812.2
20/06/2020,814.8
21/06/2020,816.0
22/06/2020,817.3
23/06/2020,816.0
24/06/2020,817.9
25/06/2020,820.7
26/06/2020,813.3
27/06/2020,814.8
28/06/2020,815.6
29/06/2020,816.0
30/06/2020,816.4
01/07/2020,821.2
02/07/2020,816.3
03/07/2020,804.0
04/07/2020,802.7
05/07/2020,802.1
06/07/2020,801.5
07/07/2020,798.8
08/07/2020,793.9
09/07/2020,786.2
10/07/2020,781.7
11/07/2020,786.3
12/07/2020,788.6
13/07/2020,790.8
14/07/2020,788.2
15/07/2020,787.9
16/07/2020,787.7
17/07/2020,787.5
18/07/2020,787.4
19/07/2020,787.3
20/07/2020,787.3
21/07/2020,786.0
22/07/2020,777.7
23/07/2020,769.1
24/07/2020,767.2
25/07/2020,767.9
26/07/2020,768.3
27/07/2020,768.6
